[
  {
    "id": "1db4abea-5c32-4438-990f-f34893ee5022",
    "data": [
      {
        "text": "sure",
        "alias": "try_again",
        "meta": "@yes_no",
        "userDefined": true
      }
    ],
    "isTemplate": false,
    "count": 0,
    "updated": 1509374171
  },
  {
    "id": "84a0ac42-2532-4e1d-afdb-1f5957b3eeb0",
    "data": [
      {
        "text": "no",
        "alias": "try_again",
        "meta": "@yes_no",
        "userDefined": false
      }
    ],
    "isTemplate": false,
    "count": 0,
    "updated": 1509374171
  },
  {
    "id": "acd1b28a-bb8b-4116-8e29-477aec19328b",
    "data": [
      {
        "text": "yes",
        "alias": "try_again",
        "meta": "@yes_no",
        "userDefined": false
      }
    ],
    "isTemplate": false,
    "count": 0,
    "updated": 1509374171
  },
  {
    "id": "4ce3b010-1ba9-4a3c-a48f-97a65edcef45",
    "data": [
      {
        "text": "yes",
        "alias": "try_again",
        "meta": "@yes_no",
        "userDefined": false
      },
      {
        "text": " ",
        "userDefined": false
      },
      {
        "text": "banana",
        "alias": "answer",
        "meta": "@sys.any",
        "userDefined": true
      }
    ],
    "isTemplate": false,
    "count": 0,
    "updated": 1509374171
  }
]