[
  {
    "id": "430b1e8d-6318-4f91-a7e8-e8d29e2a47cd",
    "data": [
      {
        "text": "I\u0027m done with this.",
        "userDefined": false
      }
    ],
    "isTemplate": false,
    "count": 0,
    "updated": 0
  },
  {
    "id": "e092e891-a304-4437-96d1-35fd8e570ec4",
    "data": [
      {
        "text": "Please stop.",
        "userDefined": false
      }
    ],
    "isTemplate": false,
    "count": 0,
    "updated": 0
  },
  {
    "id": "bb3c675b-b116-45fe-b6e2-02957bf6e15b",
    "data": [
      {
        "text": "I\u0027m done.",
        "userDefined": false
      }
    ],
    "isTemplate": false,
    "count": 0,
    "updated": 0
  },
  {
    "id": "1dda3e3d-c0d6-4d3c-a811-a7c279f47afd",
    "data": [
      {
        "text": "I\u0027d like to quit.",
        "userDefined": false
      }
    ],
    "isTemplate": false,
    "count": 0,
    "updated": 0
  },
  {
    "id": "c0399678-6e96-45e3-bbaa-d28506058fbb",
    "data": [
      {
        "text": "Stop",
        "userDefined": false
      }
    ],
    "isTemplate": false,
    "count": 0,
    "updated": 0
  },
  {
    "id": "57357bbb-aade-473f-a334-54d712ec7aae",
    "data": [
      {
        "text": "Quit",
        "userDefined": false
      }
    ],
    "isTemplate": false,
    "count": 0,
    "updated": 0
  }
]